<?xml version="1.0" encoding="UTF-8"?><Geo><MR MapCount="4" MapTime="10" ReduceCount="1" ReduceTime="40" id="1"><InChunkFilenames>1,2,3,4</InChunkFilenames><OutIn>-1000000001,-1000000002,-1000000003,-1000000004</OutIn><OutInSize>64,64,64,64</OutInSize><OutFileNames>1000000001</OutFileNames><OutSize>256</OutSize></MR><MR MapCount="4" MapTime="10" ReduceCount="1" ReduceTime="40" id="2"><InChunkFilenames>5,6,7,8</InChunkFilenames><OutIn>-1000000005,-1000000006,-1000000007,-1000000008</OutIn><OutInSize>64,64,64,64</OutInSize><OutFileNames>1000000002</OutFileNames><OutSize>256</OutSize></MR><MR MapCount="4" MapTime="10" ReduceCount="1" ReduceTime="40" id="3"><InChunkFilenames>9,10,11,12</InChunkFilenames><OutIn>-1000000009,-1000000010,-1000000011,-1000000012</OutIn><OutInSize>64,64,64,64</OutInSize><OutFileNames>1000000003</OutFileNames><OutSize>256</OutSize></MR><MR MapCount="4" MapTime="10" ReduceCount="1" ReduceTime="40" id="4"><InChunkFilenames>13,14,15,16</InChunkFilenames><OutIn>-1000000013,-1000000014,-1000000015,-1000000016</OutIn><OutInSize>64,64,64,64</OutInSize><OutFileNames>1000000004</OutFileNames><OutSize>256</OutSize></MR><MR MapCount="4" MapTime="10" ReduceCount="1" ReduceTime="40" id="5"><InChunkFilenames>17,18,19,20</InChunkFilenames><OutIn>-1000000017,-1000000018,-1000000019,-1000000020</OutIn><OutInSize>64,64,64,64</OutInSize><OutFileNames>1000000005</OutFileNames><OutSize>256</OutSize></MR><MR MapCount="4" MapTime="10" ReduceCount="1" ReduceTime="40" id="6"><InChunkFilenames>21,22,23,24</InChunkFilenames><OutIn>-1000000021,-1000000022,-1000000023,-1000000024</OutIn><OutInSize>64,64,64,64</OutInSize><OutFileNames>1000000006</OutFileNames><OutSize>256</OutSize></MR><MR MapCount="4" MapTime="10" ReduceCount="1" ReduceTime="40" id="7"><InChunkFilenames>25,26,27,28</InChunkFilenames><OutIn>-1000000025,-1000000026,-1000000027,-1000000028</OutIn><OutInSize>64,64,64,64</OutInSize><OutFileNames>1000000007</OutFileNames><OutSize>256</OutSize></MR><MR MapCount="4" MapTime="10" ReduceCount="1" ReduceTime="40" id="8"><InChunkFilenames>29,30,31,32</InChunkFilenames><OutIn>-1000000029,-1000000030,-1000000031,-1000000032</OutIn><OutInSize>64,64,64,64</OutInSize><OutFileNames>1000000008</OutFileNames><OutSize>256</OutSize></MR><MR MapCount="4" MapTime="10" ReduceCount="1" ReduceTime="40" id="9"><InChunkFilenames>33,34,35,36</InChunkFilenames><OutIn>-1000000033,-1000000034,-1000000035,-1000000036</OutIn><OutInSize>64,64,64,64</OutInSize><OutFileNames>1000000009</OutFileNames><OutSize>256</OutSize></MR><MR MapCount="4" MapTime="10" ReduceCount="1" ReduceTime="40" id="10"><InChunkFilenames>37,38,39,40</InChunkFilenames><OutIn>-1000000037,-1000000038,-1000000039,-1000000040</OutIn><OutInSize>64,64,64,64</OutInSize><OutFileNames>1000000010</OutFileNames><OutSize>256</OutSize></MR><MR MapCount="4" MapTime="10" ReduceCount="1" ReduceTime="40" id="11"><InChunkFilenames>41,42,43,44</InChunkFilenames><OutIn>-1000000041,-1000000042,-1000000043,-1000000044</OutIn><OutInSize>64,64,64,64</OutInSize><OutFileNames>1000000011</OutFileNames><OutSize>256</OutSize></MR><MR MapCount="4" MapTime="10" ReduceCount="1" ReduceTime="40" id="12"><InChunkFilenames>45,46,47,48</InChunkFilenames><OutIn>-1000000045,-1000000046,-1000000047,-1000000048</OutIn><OutInSize>64,64,64,64</OutInSize><OutFileNames>1000000012</OutFileNames><OutSize>256</OutSize></MR><MR MapCount="4" MapTime="10" ReduceCount="1" ReduceTime="40" id="13"><InChunkFilenames>49,50,51,52</InChunkFilenames><OutIn>-1000000049,-1000000050,-1000000051,-1000000052</OutIn><OutInSize>64,64,64,64</OutInSize><OutFileNames>1000000013</OutFileNames><OutSize>256</OutSize></MR><MR MapCount="4" MapTime="10" ReduceCount="1" ReduceTime="40" id="14"><InChunkFilenames>53,54,55,56</InChunkFilenames><OutIn>-1000000053,-1000000054,-1000000055,-1000000056</OutIn><OutInSize>64,64,64,64</OutInSize><OutFileNames>1000000014</OutFileNames><OutSize>256</OutSize></MR><MR MapCount="4" MapTime="10" ReduceCount="1" ReduceTime="40" id="15"><InChunkFilenames>57,58,59,60</InChunkFilenames><OutIn>-1000000057,-1000000058,-1000000059,-1000000060</OutIn><OutInSize>64,64,64,64</OutInSize><OutFileNames>1000000015</OutFileNames><OutSize>256</OutSize></MR><MR MapCount="4" MapTime="10" ReduceCount="1" ReduceTime="40" id="16"><InChunkFilenames>61,62,63,64</InChunkFilenames><OutIn>-1000000061,-1000000062,-1000000063,-1000000064</OutIn><OutInSize>64,64,64,64</OutInSize><OutFileNames>1000000016</OutFileNames><OutSize>256</OutSize></MR><MR MapCount="4" MapTime="10" ReduceCount="1" ReduceTime="40" id="17"><InChunkFilenames>65,66,67,68</InChunkFilenames><OutIn>-1000000065,-1000000066,-1000000067,-1000000068</OutIn><OutInSize>64,64,64,64</OutInSize><OutFileNames>1000000017</OutFileNames><OutSize>256</OutSize></MR><MR MapCount="4" MapTime="10" ReduceCount="1" ReduceTime="40" id="18"><InChunkFilenames>69,70,71,72</InChunkFilenames><OutIn>-1000000069,-1000000070,-1000000071,-1000000072</OutIn><OutInSize>64,64,64,64</OutInSize><OutFileNames>1000000018</OutFileNames><OutSize>256</OutSize></MR><MR MapCount="4" MapTime="10" ReduceCount="1" ReduceTime="40" id="19"><InChunkFilenames>73,74,75,76</InChunkFilenames><OutIn>-1000000073,-1000000074,-1000000075,-1000000076</OutIn><OutInSize>64,64,64,64</OutInSize><OutFileNames>1000000019</OutFileNames><OutSize>256</OutSize></MR><MR MapCount="4" MapTime="10" ReduceCount="1" ReduceTime="40" id="20"><InChunkFilenames>77,78,79,80</InChunkFilenames><OutIn>-1000000077,-1000000078,-1000000079,-1000000080</OutIn><OutInSize>64,64,64,64</OutInSize><OutFileNames>1000000020</OutFileNames><OutSize>256</OutSize></MR><MR MapCount="4" MapTime="10" ReduceCount="1" ReduceTime="40" id="21"><InChunkFilenames>81,82,83,84</InChunkFilenames><OutIn>-1000000081,-1000000082,-1000000083,-1000000084</OutIn><OutInSize>64,64,64,64</OutInSize><OutFileNames>1000000021</OutFileNames><OutSize>256</OutSize></MR><MR MapCount="4" MapTime="10" ReduceCount="1" ReduceTime="40" id="22"><InChunkFilenames>85,86,87,88</InChunkFilenames><OutIn>-1000000085,-1000000086,-1000000087,-1000000088</OutIn><OutInSize>64,64,64,64</OutInSize><OutFileNames>1000000022</OutFileNames><OutSize>256</OutSize></MR><MR MapCount="4" MapTime="10" ReduceCount="1" ReduceTime="40" id="23"><InChunkFilenames>89,90,91,92</InChunkFilenames><OutIn>-1000000089,-1000000090,-1000000091,-1000000092</OutIn><OutInSize>64,64,64,64</OutInSize><OutFileNames>1000000023</OutFileNames><OutSize>256</OutSize></MR><MR MapCount="4" MapTime="10" ReduceCount="1" ReduceTime="40" id="24"><InChunkFilenames>93,94,95,96</InChunkFilenames><OutIn>-1000000093,-1000000094,-1000000095,-1000000096</OutIn><OutInSize>64,64,64,64</OutInSize><OutFileNames>1000000024</OutFileNames><OutSize>256</OutSize></MR><MR MapCount="4" MapTime="10" ReduceCount="1" ReduceTime="40" id="25"><InChunkFilenames>97,98,99,100</InChunkFilenames><OutIn>-1000000097,-1000000098,-1000000099,-1000000100</OutIn><OutInSize>64,64,64,64</OutInSize><OutFileNames>1000000025</OutFileNames><OutSize>256</OutSize></MR><MR MapCount="4" MapTime="10" ReduceCount="1" ReduceTime="40" id="26"><InChunkFilenames>101,102,103,104</InChunkFilenames><OutIn>-1000000101,-1000000102,-1000000103,-1000000104</OutIn><OutInSize>64,64,64,64</OutInSize><OutFileNames>1000000026</OutFileNames><OutSize>256</OutSize></MR><MR MapCount="4" MapTime="10" ReduceCount="1" ReduceTime="40" id="27"><InChunkFilenames>105,106,107,108</InChunkFilenames><OutIn>-1000000105,-1000000106,-1000000107,-1000000108</OutIn><OutInSize>64,64,64,64</OutInSize><OutFileNames>1000000027</OutFileNames><OutSize>256</OutSize></MR><MR MapCount="4" MapTime="10" ReduceCount="1" ReduceTime="40" id="28"><InChunkFilenames>109,110,111,112</InChunkFilenames><OutIn>-1000000109,-1000000110,-1000000111,-1000000112</OutIn><OutInSize>64,64,64,64</OutInSize><OutFileNames>1000000028</OutFileNames><OutSize>256</OutSize></MR><MR MapCount="4" MapTime="10" ReduceCount="1" ReduceTime="40" id="29"><InChunkFilenames>113,114,115,116</InChunkFilenames><OutIn>-1000000113,-1000000114,-1000000115,-1000000116</OutIn><OutInSize>64,64,64,64</OutInSize><OutFileNames>1000000029</OutFileNames><OutSize>256</OutSize></MR><MR MapCount="4" MapTime="10" ReduceCount="1" ReduceTime="40" id="30"><InChunkFilenames>117,118,119,120</InChunkFilenames><OutIn>-1000000117,-1000000118,-1000000119,-1000000120</OutIn><OutInSize>64,64,64,64</OutInSize><OutFileNames>1000000030</OutFileNames><OutSize>256</OutSize></MR><MR MapCount="4" MapTime="10" ReduceCount="1" ReduceTime="40" id="31"><InChunkFilenames>121,122,123,124</InChunkFilenames><OutIn>-1000000121,-1000000122,-1000000123,-1000000124</OutIn><OutInSize>64,64,64,64</OutInSize><OutFileNames>1000000031</OutFileNames><OutSize>256</OutSize></MR><MR MapCount="4" MapTime="10" ReduceCount="1" ReduceTime="40" id="32"><InChunkFilenames>125,126,127,128</InChunkFilenames><OutIn>-1000000125,-1000000126,-1000000127,-1000000128</OutIn><OutInSize>64,64,64,64</OutInSize><OutFileNames>1000000032</OutFileNames><OutSize>256</OutSize></MR><MR MapCount="4" MapTime="10" ReduceCount="1" ReduceTime="40" id="33"><InChunkFilenames>129,130,131,132</InChunkFilenames><OutIn>-1000000129,-1000000130,-1000000131,-1000000132</OutIn><OutInSize>64,64,64,64</OutInSize><OutFileNames>1000000033</OutFileNames><OutSize>256</OutSize></MR><MR MapCount="4" MapTime="10" ReduceCount="1" ReduceTime="40" id="34"><InChunkFilenames>133,134,135,136</InChunkFilenames><OutIn>-1000000133,-1000000134,-1000000135,-1000000136</OutIn><OutInSize>64,64,64,64</OutInSize><OutFileNames>1000000034</OutFileNames><OutSize>256</OutSize></MR><MR MapCount="4" MapTime="10" ReduceCount="1" ReduceTime="40" id="35"><InChunkFilenames>137,138,139,140</InChunkFilenames><OutIn>-1000000137,-1000000138,-1000000139,-1000000140</OutIn><OutInSize>64,64,64,64</OutInSize><OutFileNames>1000000035</OutFileNames><OutSize>256</OutSize></MR><MR MapCount="4" MapTime="10" ReduceCount="1" ReduceTime="40" id="36"><InChunkFilenames>141,142,143,144</InChunkFilenames><OutIn>-1000000141,-1000000142,-1000000143,-1000000144</OutIn><OutInSize>64,64,64,64</OutInSize><OutFileNames>1000000036</OutFileNames><OutSize>256</OutSize></MR><MR MapCount="4" MapTime="10" ReduceCount="1" ReduceTime="40" id="37"><InChunkFilenames>145,146,147,148</InChunkFilenames><OutIn>-1000000145,-1000000146,-1000000147,-1000000148</OutIn><OutInSize>64,64,64,64</OutInSize><OutFileNames>1000000037</OutFileNames><OutSize>256</OutSize></MR><MR MapCount="4" MapTime="10" ReduceCount="1" ReduceTime="40" id="38"><InChunkFilenames>149,150,151,152</InChunkFilenames><OutIn>-1000000149,-1000000150,-1000000151,-1000000152</OutIn><OutInSize>64,64,64,64</OutInSize><OutFileNames>1000000038</OutFileNames><OutSize>256</OutSize></MR><MR MapCount="4" MapTime="10" ReduceCount="1" ReduceTime="40" id="39"><InChunkFilenames>153,154,155,156</InChunkFilenames><OutIn>-1000000153,-1000000154,-1000000155,-1000000156</OutIn><OutInSize>64,64,64,64</OutInSize><OutFileNames>1000000039</OutFileNames><OutSize>256</OutSize></MR><MR MapCount="4" MapTime="10" ReduceCount="1" ReduceTime="40" id="40"><InChunkFilenames>157,158,159,160</InChunkFilenames><OutIn>-1000000157,-1000000158,-1000000159,-1000000160</OutIn><OutInSize>64,64,64,64</OutInSize><OutFileNames>1000000040</OutFileNames><OutSize>256</OutSize></MR><MR MapCount="4" MapTime="10" ReduceCount="1" ReduceTime="40" id="41"><InChunkFilenames>161,162,163,164</InChunkFilenames><OutIn>-1000000161,-1000000162,-1000000163,-1000000164</OutIn><OutInSize>64,64,64,64</OutInSize><OutFileNames>1000000041</OutFileNames><OutSize>256</OutSize></MR><MR MapCount="4" MapTime="10" ReduceCount="1" ReduceTime="40" id="42"><InChunkFilenames>165,166,167,168</InChunkFilenames><OutIn>-1000000165,-1000000166,-1000000167,-1000000168</OutIn><OutInSize>64,64,64,64</OutInSize><OutFileNames>1000000042</OutFileNames><OutSize>256</OutSize></MR><MR MapCount="4" MapTime="10" ReduceCount="1" ReduceTime="40" id="43"><InChunkFilenames>169,170,171,172</InChunkFilenames><OutIn>-1000000169,-1000000170,-1000000171,-1000000172</OutIn><OutInSize>64,64,64,64</OutInSize><OutFileNames>1000000043</OutFileNames><OutSize>256</OutSize></MR><MR MapCount="4" MapTime="10" ReduceCount="1" ReduceTime="40" id="44"><InChunkFilenames>173,174,175,176</InChunkFilenames><OutIn>-1000000173,-1000000174,-1000000175,-1000000176</OutIn><OutInSize>64,64,64,64</OutInSize><OutFileNames>1000000044</OutFileNames><OutSize>256</OutSize></MR><MR MapCount="4" MapTime="10" ReduceCount="1" ReduceTime="40" id="45"><InChunkFilenames>177,178,179,180</InChunkFilenames><OutIn>-1000000177,-1000000178,-1000000179,-1000000180</OutIn><OutInSize>64,64,64,64</OutInSize><OutFileNames>1000000045</OutFileNames><OutSize>256</OutSize></MR><MR MapCount="4" MapTime="10" ReduceCount="1" ReduceTime="40" id="46"><InChunkFilenames>181,182,183,184</InChunkFilenames><OutIn>-1000000181,-1000000182,-1000000183,-1000000184</OutIn><OutInSize>64,64,64,64</OutInSize><OutFileNames>1000000046</OutFileNames><OutSize>256</OutSize></MR><MR MapCount="4" MapTime="10" ReduceCount="1" ReduceTime="40" id="47"><InChunkFilenames>185,186,187,188</InChunkFilenames><OutIn>-1000000185,-1000000186,-1000000187,-1000000188</OutIn><OutInSize>64,64,64,64</OutInSize><OutFileNames>1000000047</OutFileNames><OutSize>256</OutSize></MR><MR MapCount="4" MapTime="10" ReduceCount="1" ReduceTime="40" id="48"><InChunkFilenames>189,190,191,192</InChunkFilenames><OutIn>-1000000189,-1000000190,-1000000191,-1000000192</OutIn><OutInSize>64,64,64,64</OutInSize><OutFileNames>1000000048</OutFileNames><OutSize>256</OutSize></MR><MR MapCount="4" MapTime="10" ReduceCount="1" ReduceTime="40" id="49"><InChunkFilenames>193,194,195,196</InChunkFilenames><OutIn>-1000000193,-1000000194,-1000000195,-1000000196</OutIn><OutInSize>64,64,64,64</OutInSize><OutFileNames>1000000049</OutFileNames><OutSize>256</OutSize></MR><MR MapCount="4" MapTime="10" ReduceCount="1" ReduceTime="40" id="50"><InChunkFilenames>197,198,199,200</InChunkFilenames><OutIn>-1000000197,-1000000198,-1000000199,-1000000200</OutIn><OutInSize>64,64,64,64</OutInSize><OutFileNames>1000000050</OutFileNames><OutSize>256</OutSize></MR><MR MapCount="4" MapTime="10" ReduceCount="1" ReduceTime="40" id="51"><InChunkFilenames>201,202,203,204</InChunkFilenames><OutIn>-1000000201,-1000000202,-1000000203,-1000000204</OutIn><OutInSize>64,64,64,64</OutInSize><OutFileNames>1000000051</OutFileNames><OutSize>256</OutSize></MR><MR MapCount="4" MapTime="10" ReduceCount="1" ReduceTime="40" id="52"><InChunkFilenames>205,206,207,208</InChunkFilenames><OutIn>-1000000205,-1000000206,-1000000207,-1000000208</OutIn><OutInSize>64,64,64,64</OutInSize><OutFileNames>1000000052</OutFileNames><OutSize>256</OutSize></MR><MR MapCount="4" MapTime="10" ReduceCount="1" ReduceTime="40" id="53"><InChunkFilenames>209,210,211,212</InChunkFilenames><OutIn>-1000000209,-1000000210,-1000000211,-1000000212</OutIn><OutInSize>64,64,64,64</OutInSize><OutFileNames>1000000053</OutFileNames><OutSize>256</OutSize></MR><MR MapCount="4" MapTime="10" ReduceCount="1" ReduceTime="40" id="54"><InChunkFilenames>213,214,215,216</InChunkFilenames><OutIn>-1000000213,-1000000214,-1000000215,-1000000216</OutIn><OutInSize>64,64,64,64</OutInSize><OutFileNames>1000000054</OutFileNames><OutSize>256</OutSize></MR><MR MapCount="4" MapTime="10" ReduceCount="1" ReduceTime="40" id="55"><InChunkFilenames>217,218,219,220</InChunkFilenames><OutIn>-1000000217,-1000000218,-1000000219,-1000000220</OutIn><OutInSize>64,64,64,64</OutInSize><OutFileNames>1000000055</OutFileNames><OutSize>256</OutSize></MR><MR MapCount="4" MapTime="10" ReduceCount="1" ReduceTime="40" id="56"><InChunkFilenames>221,222,223,224</InChunkFilenames><OutIn>-1000000221,-1000000222,-1000000223,-1000000224</OutIn><OutInSize>64,64,64,64</OutInSize><OutFileNames>1000000056</OutFileNames><OutSize>256</OutSize></MR><MR MapCount="4" MapTime="10" ReduceCount="1" ReduceTime="40" id="57"><InChunkFilenames>225,226,227,228</InChunkFilenames><OutIn>-1000000225,-1000000226,-1000000227,-1000000228</OutIn><OutInSize>64,64,64,64</OutInSize><OutFileNames>1000000057</OutFileNames><OutSize>256</OutSize></MR><MR MapCount="4" MapTime="10" ReduceCount="1" ReduceTime="40" id="58"><InChunkFilenames>229,230,231,232</InChunkFilenames><OutIn>-1000000229,-1000000230,-1000000231,-1000000232</OutIn><OutInSize>64,64,64,64</OutInSize><OutFileNames>1000000058</OutFileNames><OutSize>256</OutSize></MR><MR MapCount="4" MapTime="10" ReduceCount="1" ReduceTime="40" id="59"><InChunkFilenames>233,234,235,236</InChunkFilenames><OutIn>-1000000233,-1000000234,-1000000235,-1000000236</OutIn><OutInSize>64,64,64,64</OutInSize><OutFileNames>1000000059</OutFileNames><OutSize>256</OutSize></MR><MR MapCount="4" MapTime="10" ReduceCount="1" ReduceTime="40" id="60"><InChunkFilenames>237,238,239,240</InChunkFilenames><OutIn>-1000000237,-1000000238,-1000000239,-1000000240</OutIn><OutInSize>64,64,64,64</OutInSize><OutFileNames>1000000060</OutFileNames><OutSize>256</OutSize></MR><MR MapCount="4" MapTime="10" ReduceCount="1" ReduceTime="40" id="61"><InChunkFilenames>241,242,243,244</InChunkFilenames><OutIn>-1000000241,-1000000242,-1000000243,-1000000244</OutIn><OutInSize>64,64,64,64</OutInSize><OutFileNames>1000000061</OutFileNames><OutSize>256</OutSize></MR><MR MapCount="4" MapTime="10" ReduceCount="1" ReduceTime="40" id="62"><InChunkFilenames>245,246,247,248</InChunkFilenames><OutIn>-1000000245,-1000000246,-1000000247,-1000000248</OutIn><OutInSize>64,64,64,64</OutInSize><OutFileNames>1000000062</OutFileNames><OutSize>256</OutSize></MR><MR MapCount="4" MapTime="10" ReduceCount="1" ReduceTime="40" id="63"><InChunkFilenames>249,250,251,252</InChunkFilenames><OutIn>-1000000249,-1000000250,-1000000251,-1000000252</OutIn><OutInSize>64,64,64,64</OutInSize><OutFileNames>1000000063</OutFileNames><OutSize>256</OutSize></MR><MR MapCount="4" MapTime="10" ReduceCount="1" ReduceTime="40" id="64"><InChunkFilenames>253,254,255,256</InChunkFilenames><OutIn>-1000000253,-1000000254,-1000000255,-1000000256</OutIn><OutInSize>64,64,64,64</OutInSize><OutFileNames>1000000064</OutFileNames><OutSize>256</OutSize></MR><MR MapCount="4" MapTime="10" ReduceCount="1" ReduceTime="40" id="65"><InChunkFilenames>257,258,259,260</InChunkFilenames><OutIn>-1000000257,-1000000258,-1000000259,-1000000260</OutIn><OutInSize>64,64,64,64</OutInSize><OutFileNames>1000000065</OutFileNames><OutSize>256</OutSize></MR><MR MapCount="4" MapTime="10" ReduceCount="1" ReduceTime="40" id="66"><InChunkFilenames>261,262,263,264</InChunkFilenames><OutIn>-1000000261,-1000000262,-1000000263,-1000000264</OutIn><OutInSize>64,64,64,64</OutInSize><OutFileNames>1000000066</OutFileNames><OutSize>256</OutSize></MR><MR MapCount="4" MapTime="10" ReduceCount="1" ReduceTime="40" id="67"><InChunkFilenames>265,266,267,268</InChunkFilenames><OutIn>-1000000265,-1000000266,-1000000267,-1000000268</OutIn><OutInSize>64,64,64,64</OutInSize><OutFileNames>1000000067</OutFileNames><OutSize>256</OutSize></MR><MR MapCount="4" MapTime="10" ReduceCount="1" ReduceTime="40" id="68"><InChunkFilenames>269,270,271,272</InChunkFilenames><OutIn>-1000000269,-1000000270,-1000000271,-1000000272</OutIn><OutInSize>64,64,64,64</OutInSize><OutFileNames>1000000068</OutFileNames><OutSize>256</OutSize></MR><MR MapCount="4" MapTime="10" ReduceCount="1" ReduceTime="40" id="69"><InChunkFilenames>273,274,275,276</InChunkFilenames><OutIn>-1000000273,-1000000274,-1000000275,-1000000276</OutIn><OutInSize>64,64,64,64</OutInSize><OutFileNames>1000000069</OutFileNames><OutSize>256</OutSize></MR><MR MapCount="4" MapTime="10" ReduceCount="1" ReduceTime="40" id="70"><InChunkFilenames>277,278,279,280</InChunkFilenames><OutIn>-1000000277,-1000000278,-1000000279,-1000000280</OutIn><OutInSize>64,64,64,64</OutInSize><OutFileNames>1000000070</OutFileNames><OutSize>256</OutSize></MR><MR MapCount="4" MapTime="10" ReduceCount="1" ReduceTime="40" id="71"><InChunkFilenames>281,282,283,284</InChunkFilenames><OutIn>-1000000281,-1000000282,-1000000283,-1000000284</OutIn><OutInSize>64,64,64,64</OutInSize><OutFileNames>1000000071</OutFileNames><OutSize>256</OutSize></MR><MR MapCount="4" MapTime="10" ReduceCount="1" ReduceTime="40" id="72"><InChunkFilenames>285,286,287,288</InChunkFilenames><OutIn>-1000000285,-1000000286,-1000000287,-1000000288</OutIn><OutInSize>64,64,64,64</OutInSize><OutFileNames>1000000072</OutFileNames><OutSize>256</OutSize></MR><MR MapCount="4" MapTime="10" ReduceCount="1" ReduceTime="40" id="73"><InChunkFilenames>289,290,291,292</InChunkFilenames><OutIn>-1000000289,-1000000290,-1000000291,-1000000292</OutIn><OutInSize>64,64,64,64</OutInSize><OutFileNames>1000000073</OutFileNames><OutSize>256</OutSize></MR><MR MapCount="4" MapTime="10" ReduceCount="1" ReduceTime="40" id="74"><InChunkFilenames>293,294,295,296</InChunkFilenames><OutIn>-1000000293,-1000000294,-1000000295,-1000000296</OutIn><OutInSize>64,64,64,64</OutInSize><OutFileNames>1000000074</OutFileNames><OutSize>256</OutSize></MR><MR MapCount="4" MapTime="10" ReduceCount="1" ReduceTime="40" id="75"><InChunkFilenames>297,298,299,300</InChunkFilenames><OutIn>-1000000297,-1000000298,-1000000299,-1000000300</OutIn><OutInSize>64,64,64,64</OutInSize><OutFileNames>1000000075</OutFileNames><OutSize>256</OutSize></MR><MR MapCount="4" MapTime="10" ReduceCount="1" ReduceTime="40" id="76"><InChunkFilenames>301,302,303,304</InChunkFilenames><OutIn>-1000000301,-1000000302,-1000000303,-1000000304</OutIn><OutInSize>64,64,64,64</OutInSize><OutFileNames>1000000076</OutFileNames><OutSize>256</OutSize></MR><MR MapCount="4" MapTime="10" ReduceCount="1" ReduceTime="40" id="77"><InChunkFilenames>305,306,307,308</InChunkFilenames><OutIn>-1000000305,-1000000306,-1000000307,-1000000308</OutIn><OutInSize>64,64,64,64</OutInSize><OutFileNames>1000000077</OutFileNames><OutSize>256</OutSize></MR><MR MapCount="4" MapTime="10" ReduceCount="1" ReduceTime="40" id="78"><InChunkFilenames>309,310,311,312</InChunkFilenames><OutIn>-1000000309,-1000000310,-1000000311,-1000000312</OutIn><OutInSize>64,64,64,64</OutInSize><OutFileNames>1000000078</OutFileNames><OutSize>256</OutSize></MR><MR MapCount="4" MapTime="10" ReduceCount="1" ReduceTime="40" id="79"><InChunkFilenames>313,314,315,316</InChunkFilenames><OutIn>-1000000313,-1000000314,-1000000315,-1000000316</OutIn><OutInSize>64,64,64,64</OutInSize><OutFileNames>1000000079</OutFileNames><OutSize>256</OutSize></MR><MR MapCount="4" MapTime="10" ReduceCount="1" ReduceTime="40" id="80"><InChunkFilenames>317,318,319,320</InChunkFilenames><OutIn>-1000000317,-1000000318,-1000000319,-1000000320</OutIn><OutInSize>64,64,64,64</OutInSize><OutFileNames>1000000080</OutFileNames><OutSize>256</OutSize></MR></Geo>