<?xml version="1.0" encoding="UTF-8" standalone="yes"?> 
<Geo>
	<DCRootLink SRC="120" DEST="130" BANDWIDTH="100" >	
	</DCRootLink >
	<DCRootLink SRC="120" DEST="140" BANDWIDTH="100" >	
	</DCRootLink >
	<DCRootLink SRC="130" DEST="120" BANDWIDTH="100" >	
	</DCRootLink >
	<DCRootLink SRC="130" DEST="140" BANDWIDTH="100" >	
	</DCRootLink >
	<DCRootLink SRC="140" DEST="120" BANDWIDTH="100" >	
	</DCRootLink >
	<DCRootLink SRC="140" DEST="130" BANDWIDTH="100" >	
	</DCRootLink >
	
</Geo>
