<?xml version="1.0" encoding="UTF-8" standalone="yes"?> 
<Geo>
	<MR id="1120" MapCount="4" ReduceCount="2" MapTime="2" ReduceTime="1" >
		<InChunkFilenames>11,12,13,14</InChunkFilenames>
		<OutIn>-1,-2,-3,-4</OutIn>
		<OutInSize>10,20,30,40</OutInSize>
		<OutFileNames>-1000,-2000</OutFileNames>
		<OutSize>10,20</OutSize>		
	</MR>
	<MR id="120" MapCount="4" ReduceCount="2" MapTime="2" ReduceTime="1" >
		<InChunkFilenames>1,2,3,4</InChunkFilenames>
		<OutIn>-1,-2,-3,-4</OutIn>
		<OutInSize>10,20,30,40</OutInSize>
		<OutFileNames>-1000,-2000</OutFileNames>
		<OutSize>10,20</OutSize>		
	</MR>
	<MR id="121" MapCount="4" ReduceCount="2" MapTime="2" ReduceTime="1" >
		<InChunkFilenames>5,6,7,8</InChunkFilenames>
		<OutIn>-5,-6,-7,-8</OutIn>	
		<OutInSize>50,60,70,80</OutInSize>
		<OutFileNames>-1001,-2001</OutFileNames>
		<OutSize>10,20</OutSize>	
	</MR>
	<MR id="122" MapCount="4" ReduceCount="2" MapTime="2" ReduceTime="1" >
		<InChunkFilenames>1,2,3,4</InChunkFilenames>
		<OutIn>-1,-2,-3,-4</OutIn>
		<OutInSize>10,20,30,40</OutInSize>
		<OutFileNames>-1000,-2000</OutFileNames>
		<OutSize>10,20</OutSize>		
	</MR>
	<MR id="123" MapCount="4" ReduceCount="2" MapTime="2" ReduceTime="1" >
		<InChunkFilenames>5,6,7,8</InChunkFilenames>
		<OutIn>-5,-6,-7,-8</OutIn>	
		<OutInSize>50,60,70,80</OutInSize>
		<OutFileNames>-1001,-2001</OutFileNames>
		<OutSize>10,20</OutSize>	
	</MR>
	<MR id="124" MapCount="4" ReduceCount="2" MapTime="8" ReduceTime="4" >
		<InChunkFilenames>1,2,3,4</InChunkFilenames>
		<OutIn>-1,-2,-3,-4</OutIn>
		<OutInSize>10,20,30,40</OutInSize>
		<OutFileNames>-1000,-2000</OutFileNames>
		<OutSize>10,20</OutSize>		
	</MR>
	<MR id="125" MapCount="4" ReduceCount="2" MapTime="8" ReduceTime="4" >
		<InChunkFilenames>5,6,7,8</InChunkFilenames>
		<OutIn>-5,-6,-7,-8</OutIn>	
		<OutInSize>50,60,70,80</OutInSize>
		<OutFileNames>-1001,-2001</OutFileNames>
		<OutSize>10,20</OutSize>	
	</MR>
	<MR id="126" MapCount="4" ReduceCount="2" MapTime="8" ReduceTime="4" >
		<InChunkFilenames>1,2,3,4</InChunkFilenames>
		<OutIn>-1,-2,-3,-4</OutIn>
		<OutInSize>10,20,30,40</OutInSize>
		<OutFileNames>-1000,-2000</OutFileNames>
		<OutSize>10,20</OutSize>		
	</MR>
	<MR id="127" MapCount="4" ReduceCount="2" MapTime="8" ReduceTime="4" >
		<InChunkFilenames>5,6,7,8</InChunkFilenames>
		<OutIn>-5,-6,-7,-8</OutIn>	
		<OutInSize>50,60,70,80</OutInSize>
		<OutFileNames>-1001,-2001</OutFileNames>
		<OutSize>10,20</OutSize>	
	</MR>
	<MR id="128" MapCount="2" ReduceCount="1" MapTime="8" ReduceTime="4" >
		<InChunkFilenames>-1001,-2001</InChunkFilenames>
		<OutIn>-11001,-22001</OutIn>	
		<OutInSize>50,60</OutInSize>
		<OutFileNames>-111001</OutFileNames>
		<OutSize>20</OutSize>	
	</MR>
	
</Geo>
