<?xml version="1.0" encoding="UTF-8" standalone="yes"?> 
<Geo>
	<DCRootLink SRC="1000" DEST="2000" BANDWIDTH="1000" >	
	</DCRootLink >
	<DCRootLink SRC="1000" DEST="3000" BANDWIDTH="1000" >	
	</DCRootLink >
	<DCRootLink SRC="2000" DEST="1000" BANDWIDTH="1000" >	
	</DCRootLink >
	<DCRootLink SRC="2000" DEST="3000" BANDWIDTH="1000" >	
	</DCRootLink >
	<DCRootLink SRC="3000" DEST="1000" BANDWIDTH="1000" >	
	</DCRootLink >
	<DCRootLink SRC="3000" DEST="2000" BANDWIDTH="1000" >	
	</DCRootLink >
	
</Geo>
