<?xml version="1.0" encoding="UTF-8"?><Geo><ChunkFile DCindex="0" Hostindex="0" name="1" size="64"> </ChunkFile><ChunkFile DCindex="0" Hostindex="0" name="2" size="64"> </ChunkFile><ChunkFile DCindex="0" Hostindex="0" name="3" size="64"> </ChunkFile><ChunkFile DCindex="0" Hostindex="0" name="4" size="64"> </ChunkFile><ChunkFile DCindex="0" Hostindex="0" name="5" size="64"> </ChunkFile><ChunkFile DCindex="0" Hostindex="0" name="6" size="64"> </ChunkFile><ChunkFile DCindex="0" Hostindex="0" name="7" size="64"> </ChunkFile><ChunkFile DCindex="0" Hostindex="0" name="8" size="64"> </ChunkFile><ChunkFile DCindex="0" Hostindex="0" name="9" size="64"> </ChunkFile><ChunkFile DCindex="0" Hostindex="0" name="10" size="64"> </ChunkFile><ChunkFile DCindex="0" Hostindex="0" name="11" size="64"> </ChunkFile><ChunkFile DCindex="0" Hostindex="0" name="12" size="64"> </ChunkFile><ChunkFile DCindex="0" Hostindex="0" name="13" size="64"> </ChunkFile><ChunkFile DCindex="0" Hostindex="0" name="14" size="64"> </ChunkFile><ChunkFile DCindex="0" Hostindex="0" name="15" size="64"> </ChunkFile><ChunkFile DCindex="0" Hostindex="0" name="16" size="64"> </ChunkFile><ChunkFile DCindex="0" Hostindex="0" name="17" size="64"> </ChunkFile><ChunkFile DCindex="0" Hostindex="0" name="18" size="64"> </ChunkFile><ChunkFile DCindex="0" Hostindex="0" name="19" size="64"> </ChunkFile><ChunkFile DCindex="0" Hostindex="0" name="20" size="64"> </ChunkFile><ChunkFile DCindex="0" Hostindex="0" name="21" size="64"> </ChunkFile><ChunkFile DCindex="0" Hostindex="0" name="22" size="64"> </ChunkFile><ChunkFile DCindex="0" Hostindex="0" name="23" size="64"> </ChunkFile><ChunkFile DCindex="0" Hostindex="0" name="24" size="64"> </ChunkFile><ChunkFile DCindex="0" Hostindex="0" name="25" size="64"> </ChunkFile><ChunkFile DCindex="0" Hostindex="0" name="26" size="64"> </ChunkFile><ChunkFile DCindex="0" Hostindex="0" name="27" size="64"> </ChunkFile><ChunkFile DCindex="0" Hostindex="0" name="28" size="64"> </ChunkFile><ChunkFile DCindex="0" Hostindex="0" name="29" size="64"> </ChunkFile><ChunkFile DCindex="0" Hostindex="0" name="30" size="64"> </ChunkFile><ChunkFile DCindex="0" Hostindex="0" name="31" size="64"> </ChunkFile><ChunkFile DCindex="0" Hostindex="0" name="32" size="64"> </ChunkFile><ChunkFile DCindex="0" Hostindex="0" name="33" size="64"> </ChunkFile><ChunkFile DCindex="0" Hostindex="0" name="34" size="64"> </ChunkFile><ChunkFile DCindex="0" Hostindex="0" name="35" size="64"> </ChunkFile><ChunkFile DCindex="0" Hostindex="0" name="36" size="64"> </ChunkFile><ChunkFile DCindex="0" Hostindex="0" name="37" size="64"> </ChunkFile><ChunkFile DCindex="0" Hostindex="0" name="38" size="64"> </ChunkFile><ChunkFile DCindex="0" Hostindex="0" name="39" size="64"> </ChunkFile><ChunkFile DCindex="0" Hostindex="0" name="40" size="64"> </ChunkFile><ChunkFile DCindex="0" Hostindex="0" name="41" size="64"> </ChunkFile><ChunkFile DCindex="0" Hostindex="0" name="42" size="64"> </ChunkFile><ChunkFile DCindex="0" Hostindex="0" name="43" size="64"> </ChunkFile><ChunkFile DCindex="0" Hostindex="0" name="44" size="64"> </ChunkFile><ChunkFile DCindex="0" Hostindex="0" name="45" size="64"> </ChunkFile><ChunkFile DCindex="0" Hostindex="0" name="46" size="64"> </ChunkFile><ChunkFile DCindex="0" Hostindex="0" name="47" size="64"> </ChunkFile><ChunkFile DCindex="0" Hostindex="0" name="48" size="64"> </ChunkFile><ChunkFile DCindex="0" Hostindex="0" name="49" size="64"> </ChunkFile><ChunkFile DCindex="0" Hostindex="0" name="50" size="64"> </ChunkFile><ChunkFile DCindex="0" Hostindex="0" name="51" size="64"> </ChunkFile><ChunkFile DCindex="0" Hostindex="0" name="52" size="64"> </ChunkFile><ChunkFile DCindex="0" Hostindex="0" name="53" size="64"> </ChunkFile><ChunkFile DCindex="0" Hostindex="0" name="54" size="64"> </ChunkFile><ChunkFile DCindex="0" Hostindex="0" name="55" size="64"> </ChunkFile><ChunkFile DCindex="0" Hostindex="0" name="56" size="64"> </ChunkFile><ChunkFile DCindex="0" Hostindex="0" name="57" size="64"> </ChunkFile><ChunkFile DCindex="0" Hostindex="0" name="58" size="64"> </ChunkFile><ChunkFile DCindex="0" Hostindex="0" name="59" size="64"> </ChunkFile><ChunkFile DCindex="0" Hostindex="0" name="60" size="64"> </ChunkFile><ChunkFile DCindex="0" Hostindex="0" name="61" size="64"> </ChunkFile><ChunkFile DCindex="0" Hostindex="0" name="62" size="64"> </ChunkFile><ChunkFile DCindex="0" Hostindex="0" name="63" size="64"> </ChunkFile><ChunkFile DCindex="0" Hostindex="0" name="64" size="64"> </ChunkFile><ChunkFile DCindex="0" Hostindex="0" name="65" size="64"> </ChunkFile><ChunkFile DCindex="0" Hostindex="0" name="66" size="64"> </ChunkFile><ChunkFile DCindex="0" Hostindex="0" name="67" size="64"> </ChunkFile><ChunkFile DCindex="0" Hostindex="0" name="68" size="64"> </ChunkFile><ChunkFile DCindex="0" Hostindex="0" name="69" size="64"> </ChunkFile><ChunkFile DCindex="0" Hostindex="0" name="70" size="64"> </ChunkFile><ChunkFile DCindex="0" Hostindex="0" name="71" size="64"> </ChunkFile><ChunkFile DCindex="0" Hostindex="0" name="72" size="64"> </ChunkFile><ChunkFile DCindex="0" Hostindex="0" name="73" size="64"> </ChunkFile><ChunkFile DCindex="0" Hostindex="0" name="74" size="64"> </ChunkFile><ChunkFile DCindex="0" Hostindex="0" name="75" size="64"> </ChunkFile><ChunkFile DCindex="0" Hostindex="0" name="76" size="64"> </ChunkFile><ChunkFile DCindex="0" Hostindex="0" name="77" size="64"> </ChunkFile><ChunkFile DCindex="0" Hostindex="0" name="78" size="64"> </ChunkFile><ChunkFile DCindex="0" Hostindex="0" name="79" size="64"> </ChunkFile><ChunkFile DCindex="0" Hostindex="0" name="80" size="64"> </ChunkFile><ChunkFile DCindex="0" Hostindex="0" name="81" size="64"> </ChunkFile><ChunkFile DCindex="0" Hostindex="0" name="82" size="64"> </ChunkFile><ChunkFile DCindex="0" Hostindex="0" name="83" size="64"> </ChunkFile><ChunkFile DCindex="0" Hostindex="0" name="84" size="64"> </ChunkFile><ChunkFile DCindex="0" Hostindex="0" name="85" size="64"> </ChunkFile><ChunkFile DCindex="0" Hostindex="0" name="86" size="64"> </ChunkFile><ChunkFile DCindex="0" Hostindex="0" name="87" size="64"> </ChunkFile><ChunkFile DCindex="0" Hostindex="0" name="88" size="64"> </ChunkFile><ChunkFile DCindex="0" Hostindex="0" name="89" size="64"> </ChunkFile><ChunkFile DCindex="0" Hostindex="0" name="90" size="64"> </ChunkFile><ChunkFile DCindex="0" Hostindex="0" name="91" size="64"> </ChunkFile><ChunkFile DCindex="0" Hostindex="0" name="92" size="64"> </ChunkFile><ChunkFile DCindex="0" Hostindex="0" name="93" size="64"> </ChunkFile><ChunkFile DCindex="0" Hostindex="0" name="94" size="64"> </ChunkFile><ChunkFile DCindex="0" Hostindex="0" name="95" size="64"> </ChunkFile><ChunkFile DCindex="0" Hostindex="0" name="96" size="64"> </ChunkFile><ChunkFile DCindex="0" Hostindex="0" name="97" size="64"> </ChunkFile><ChunkFile DCindex="0" Hostindex="0" name="98" size="64"> </ChunkFile><ChunkFile DCindex="0" Hostindex="0" name="99" size="64"> </ChunkFile><ChunkFile DCindex="0" Hostindex="0" name="100" size="64"> </ChunkFile><ChunkFile DCindex="0" Hostindex="0" name="101" size="64"> </ChunkFile><ChunkFile DCindex="0" Hostindex="0" name="102" size="64"> </ChunkFile><ChunkFile DCindex="0" Hostindex="0" name="103" size="64"> </ChunkFile><ChunkFile DCindex="0" Hostindex="0" name="104" size="64"> </ChunkFile><ChunkFile DCindex="0" Hostindex="0" name="105" size="64"> </ChunkFile><ChunkFile DCindex="0" Hostindex="0" name="106" size="64"> </ChunkFile><ChunkFile DCindex="0" Hostindex="0" name="107" size="64"> </ChunkFile><ChunkFile DCindex="0" Hostindex="0" name="108" size="64"> </ChunkFile><ChunkFile DCindex="0" Hostindex="0" name="109" size="64"> </ChunkFile><ChunkFile DCindex="0" Hostindex="0" name="110" size="64"> </ChunkFile><ChunkFile DCindex="0" Hostindex="0" name="111" size="64"> </ChunkFile><ChunkFile DCindex="0" Hostindex="0" name="112" size="64"> </ChunkFile><ChunkFile DCindex="0" Hostindex="0" name="113" size="64"> </ChunkFile><ChunkFile DCindex="0" Hostindex="0" name="114" size="64"> </ChunkFile><ChunkFile DCindex="0" Hostindex="0" name="115" size="64"> </ChunkFile><ChunkFile DCindex="0" Hostindex="0" name="116" size="64"> </ChunkFile><ChunkFile DCindex="0" Hostindex="0" name="117" size="64"> </ChunkFile><ChunkFile DCindex="0" Hostindex="0" name="118" size="64"> </ChunkFile><ChunkFile DCindex="0" Hostindex="0" name="119" size="64"> </ChunkFile><ChunkFile DCindex="0" Hostindex="0" name="120" size="64"> </ChunkFile><ChunkFile DCindex="0" Hostindex="0" name="121" size="64"> </ChunkFile><ChunkFile DCindex="0" Hostindex="0" name="122" size="64"> </ChunkFile><ChunkFile DCindex="0" Hostindex="0" name="123" size="64"> </ChunkFile><ChunkFile DCindex="0" Hostindex="0" name="124" size="64"> </ChunkFile><ChunkFile DCindex="0" Hostindex="0" name="125" size="64"> </ChunkFile><ChunkFile DCindex="0" Hostindex="0" name="126" size="64"> </ChunkFile><ChunkFile DCindex="0" Hostindex="0" name="127" size="64"> </ChunkFile><ChunkFile DCindex="0" Hostindex="0" name="128" size="64"> </ChunkFile><ChunkFile DCindex="0" Hostindex="0" name="129" size="64"> </ChunkFile><ChunkFile DCindex="0" Hostindex="0" name="130" size="64"> </ChunkFile><ChunkFile DCindex="0" Hostindex="0" name="131" size="64"> </ChunkFile><ChunkFile DCindex="0" Hostindex="0" name="132" size="64"> </ChunkFile><ChunkFile DCindex="0" Hostindex="0" name="133" size="64"> </ChunkFile><ChunkFile DCindex="0" Hostindex="0" name="134" size="64"> </ChunkFile><ChunkFile DCindex="0" Hostindex="0" name="135" size="64"> </ChunkFile><ChunkFile DCindex="0" Hostindex="0" name="136" size="64"> </ChunkFile><ChunkFile DCindex="0" Hostindex="0" name="137" size="64"> </ChunkFile><ChunkFile DCindex="0" Hostindex="0" name="138" size="64"> </ChunkFile><ChunkFile DCindex="0" Hostindex="0" name="139" size="64"> </ChunkFile><ChunkFile DCindex="0" Hostindex="0" name="140" size="64"> </ChunkFile><ChunkFile DCindex="0" Hostindex="0" name="141" size="64"> </ChunkFile><ChunkFile DCindex="0" Hostindex="0" name="142" size="64"> </ChunkFile><ChunkFile DCindex="0" Hostindex="0" name="143" size="64"> </ChunkFile><ChunkFile DCindex="0" Hostindex="0" name="144" size="64"> </ChunkFile><ChunkFile DCindex="0" Hostindex="0" name="145" size="64"> </ChunkFile><ChunkFile DCindex="0" Hostindex="0" name="146" size="64"> </ChunkFile><ChunkFile DCindex="0" Hostindex="0" name="147" size="64"> </ChunkFile><ChunkFile DCindex="0" Hostindex="0" name="148" size="64"> </ChunkFile><ChunkFile DCindex="0" Hostindex="0" name="149" size="64"> </ChunkFile><ChunkFile DCindex="0" Hostindex="0" name="150" size="64"> </ChunkFile><ChunkFile DCindex="0" Hostindex="10" name="151" size="64"> </ChunkFile><ChunkFile DCindex="0" Hostindex="10" name="152" size="64"> </ChunkFile><ChunkFile DCindex="0" Hostindex="10" name="153" size="64"> </ChunkFile><ChunkFile DCindex="0" Hostindex="10" name="154" size="64"> </ChunkFile><ChunkFile DCindex="0" Hostindex="10" name="155" size="64"> </ChunkFile><ChunkFile DCindex="0" Hostindex="10" name="156" size="64"> </ChunkFile><ChunkFile DCindex="0" Hostindex="10" name="157" size="64"> </ChunkFile><ChunkFile DCindex="0" Hostindex="10" name="158" size="64"> </ChunkFile><ChunkFile DCindex="0" Hostindex="10" name="159" size="64"> </ChunkFile><ChunkFile DCindex="0" Hostindex="10" name="160" size="64"> </ChunkFile><ChunkFile DCindex="0" Hostindex="10" name="161" size="64"> </ChunkFile><ChunkFile DCindex="0" Hostindex="10" name="162" size="64"> </ChunkFile><ChunkFile DCindex="0" Hostindex="10" name="163" size="64"> </ChunkFile><ChunkFile DCindex="0" Hostindex="10" name="164" size="64"> </ChunkFile><ChunkFile DCindex="0" Hostindex="10" name="165" size="64"> </ChunkFile><ChunkFile DCindex="0" Hostindex="10" name="166" size="64"> </ChunkFile><ChunkFile DCindex="0" Hostindex="10" name="167" size="64"> </ChunkFile><ChunkFile DCindex="0" Hostindex="10" name="168" size="64"> </ChunkFile><ChunkFile DCindex="0" Hostindex="10" name="169" size="64"> </ChunkFile><ChunkFile DCindex="0" Hostindex="10" name="170" size="64"> </ChunkFile><ChunkFile DCindex="0" Hostindex="10" name="171" size="64"> </ChunkFile><ChunkFile DCindex="0" Hostindex="10" name="172" size="64"> </ChunkFile><ChunkFile DCindex="0" Hostindex="10" name="173" size="64"> </ChunkFile><ChunkFile DCindex="0" Hostindex="10" name="174" size="64"> </ChunkFile><ChunkFile DCindex="0" Hostindex="10" name="175" size="64"> </ChunkFile><ChunkFile DCindex="0" Hostindex="10" name="176" size="64"> </ChunkFile><ChunkFile DCindex="0" Hostindex="10" name="177" size="64"> </ChunkFile><ChunkFile DCindex="0" Hostindex="10" name="178" size="64"> </ChunkFile><ChunkFile DCindex="0" Hostindex="10" name="179" size="64"> </ChunkFile><ChunkFile DCindex="0" Hostindex="10" name="180" size="64"> </ChunkFile><ChunkFile DCindex="0" Hostindex="10" name="181" size="64"> </ChunkFile><ChunkFile DCindex="0" Hostindex="10" name="182" size="64"> </ChunkFile><ChunkFile DCindex="0" Hostindex="10" name="183" size="64"> </ChunkFile><ChunkFile DCindex="0" Hostindex="10" name="184" size="64"> </ChunkFile><ChunkFile DCindex="0" Hostindex="10" name="185" size="64"> </ChunkFile><ChunkFile DCindex="0" Hostindex="10" name="186" size="64"> </ChunkFile><ChunkFile DCindex="0" Hostindex="10" name="187" size="64"> </ChunkFile><ChunkFile DCindex="0" Hostindex="10" name="188" size="64"> </ChunkFile><ChunkFile DCindex="0" Hostindex="10" name="189" size="64"> </ChunkFile><ChunkFile DCindex="0" Hostindex="10" name="190" size="64"> </ChunkFile><ChunkFile DCindex="0" Hostindex="10" name="191" size="64"> </ChunkFile><ChunkFile DCindex="0" Hostindex="10" name="192" size="64"> </ChunkFile><ChunkFile DCindex="0" Hostindex="10" name="193" size="64"> </ChunkFile><ChunkFile DCindex="0" Hostindex="10" name="194" size="64"> </ChunkFile><ChunkFile DCindex="0" Hostindex="10" name="195" size="64"> </ChunkFile><ChunkFile DCindex="0" Hostindex="10" name="196" size="64"> </ChunkFile><ChunkFile DCindex="0" Hostindex="10" name="197" size="64"> </ChunkFile><ChunkFile DCindex="0" Hostindex="10" name="198" size="64"> </ChunkFile><ChunkFile DCindex="0" Hostindex="10" name="199" size="64"> </ChunkFile><ChunkFile DCindex="0" Hostindex="10" name="200" size="64"> </ChunkFile><ChunkFile DCindex="0" Hostindex="10" name="201" size="64"> </ChunkFile><ChunkFile DCindex="0" Hostindex="10" name="202" size="64"> </ChunkFile><ChunkFile DCindex="0" Hostindex="10" name="203" size="64"> </ChunkFile><ChunkFile DCindex="0" Hostindex="10" name="204" size="64"> </ChunkFile><ChunkFile DCindex="0" Hostindex="10" name="205" size="64"> </ChunkFile><ChunkFile DCindex="0" Hostindex="10" name="206" size="64"> </ChunkFile><ChunkFile DCindex="0" Hostindex="10" name="207" size="64"> </ChunkFile><ChunkFile DCindex="0" Hostindex="10" name="208" size="64"> </ChunkFile><ChunkFile DCindex="0" Hostindex="10" name="209" size="64"> </ChunkFile><ChunkFile DCindex="0" Hostindex="10" name="210" size="64"> </ChunkFile><ChunkFile DCindex="0" Hostindex="10" name="211" size="64"> </ChunkFile><ChunkFile DCindex="0" Hostindex="10" name="212" size="64"> </ChunkFile><ChunkFile DCindex="0" Hostindex="10" name="213" size="64"> </ChunkFile><ChunkFile DCindex="0" Hostindex="10" name="214" size="64"> </ChunkFile><ChunkFile DCindex="0" Hostindex="10" name="215" size="64"> </ChunkFile><ChunkFile DCindex="0" Hostindex="10" name="216" size="64"> </ChunkFile><ChunkFile DCindex="0" Hostindex="10" name="217" size="64"> </ChunkFile><ChunkFile DCindex="0" Hostindex="10" name="218" size="64"> </ChunkFile><ChunkFile DCindex="0" Hostindex="10" name="219" size="64"> </ChunkFile><ChunkFile DCindex="0" Hostindex="10" name="220" size="64"> </ChunkFile><ChunkFile DCindex="0" Hostindex="10" name="221" size="64"> </ChunkFile><ChunkFile DCindex="0" Hostindex="10" name="222" size="64"> </ChunkFile><ChunkFile DCindex="0" Hostindex="10" name="223" size="64"> </ChunkFile><ChunkFile DCindex="0" Hostindex="10" name="224" size="64"> </ChunkFile><ChunkFile DCindex="0" Hostindex="10" name="225" size="64"> </ChunkFile><ChunkFile DCindex="0" Hostindex="10" name="226" size="64"> </ChunkFile><ChunkFile DCindex="0" Hostindex="10" name="227" size="64"> </ChunkFile><ChunkFile DCindex="0" Hostindex="10" name="228" size="64"> </ChunkFile><ChunkFile DCindex="0" Hostindex="10" name="229" size="64"> </ChunkFile><ChunkFile DCindex="0" Hostindex="10" name="230" size="64"> </ChunkFile><ChunkFile DCindex="0" Hostindex="10" name="231" size="64"> </ChunkFile><ChunkFile DCindex="0" Hostindex="10" name="232" size="64"> </ChunkFile><ChunkFile DCindex="0" Hostindex="10" name="233" size="64"> </ChunkFile><ChunkFile DCindex="0" Hostindex="10" name="234" size="64"> </ChunkFile><ChunkFile DCindex="0" Hostindex="10" name="235" size="64"> </ChunkFile><ChunkFile DCindex="0" Hostindex="10" name="236" size="64"> </ChunkFile><ChunkFile DCindex="0" Hostindex="10" name="237" size="64"> </ChunkFile><ChunkFile DCindex="0" Hostindex="10" name="238" size="64"> </ChunkFile><ChunkFile DCindex="0" Hostindex="10" name="239" size="64"> </ChunkFile><ChunkFile DCindex="0" Hostindex="10" name="240" size="64"> </ChunkFile><ChunkFile DCindex="0" Hostindex="10" name="241" size="64"> </ChunkFile><ChunkFile DCindex="0" Hostindex="10" name="242" size="64"> </ChunkFile><ChunkFile DCindex="0" Hostindex="10" name="243" size="64"> </ChunkFile><ChunkFile DCindex="0" Hostindex="10" name="244" size="64"> </ChunkFile><ChunkFile DCindex="0" Hostindex="10" name="245" size="64"> </ChunkFile><ChunkFile DCindex="0" Hostindex="10" name="246" size="64"> </ChunkFile><ChunkFile DCindex="0" Hostindex="10" name="247" size="64"> </ChunkFile><ChunkFile DCindex="0" Hostindex="10" name="248" size="64"> </ChunkFile><ChunkFile DCindex="0" Hostindex="10" name="249" size="64"> </ChunkFile><ChunkFile DCindex="0" Hostindex="10" name="250" size="64"> </ChunkFile><ChunkFile DCindex="0" Hostindex="10" name="251" size="64"> </ChunkFile><ChunkFile DCindex="0" Hostindex="10" name="252" size="64"> </ChunkFile><ChunkFile DCindex="0" Hostindex="10" name="253" size="64"> </ChunkFile><ChunkFile DCindex="0" Hostindex="10" name="254" size="64"> </ChunkFile><ChunkFile DCindex="0" Hostindex="10" name="255" size="64"> </ChunkFile><ChunkFile DCindex="0" Hostindex="10" name="256" size="64"> </ChunkFile><ChunkFile DCindex="0" Hostindex="10" name="257" size="64"> </ChunkFile><ChunkFile DCindex="0" Hostindex="10" name="258" size="64"> </ChunkFile><ChunkFile DCindex="0" Hostindex="10" name="259" size="64"> </ChunkFile><ChunkFile DCindex="0" Hostindex="10" name="260" size="64"> </ChunkFile><ChunkFile DCindex="0" Hostindex="10" name="261" size="64"> </ChunkFile><ChunkFile DCindex="0" Hostindex="10" name="262" size="64"> </ChunkFile><ChunkFile DCindex="0" Hostindex="10" name="263" size="64"> </ChunkFile><ChunkFile DCindex="0" Hostindex="10" name="264" size="64"> </ChunkFile><ChunkFile DCindex="0" Hostindex="10" name="265" size="64"> </ChunkFile><ChunkFile DCindex="0" Hostindex="10" name="266" size="64"> </ChunkFile><ChunkFile DCindex="0" Hostindex="10" name="267" size="64"> </ChunkFile><ChunkFile DCindex="0" Hostindex="10" name="268" size="64"> </ChunkFile><ChunkFile DCindex="0" Hostindex="10" name="269" size="64"> </ChunkFile><ChunkFile DCindex="0" Hostindex="10" name="270" size="64"> </ChunkFile><ChunkFile DCindex="0" Hostindex="10" name="271" size="64"> </ChunkFile><ChunkFile DCindex="0" Hostindex="10" name="272" size="64"> </ChunkFile><ChunkFile DCindex="0" Hostindex="10" name="273" size="64"> </ChunkFile><ChunkFile DCindex="0" Hostindex="10" name="274" size="64"> </ChunkFile><ChunkFile DCindex="0" Hostindex="10" name="275" size="64"> </ChunkFile><ChunkFile DCindex="0" Hostindex="10" name="276" size="64"> </ChunkFile><ChunkFile DCindex="0" Hostindex="10" name="277" size="64"> </ChunkFile><ChunkFile DCindex="0" Hostindex="10" name="278" size="64"> </ChunkFile><ChunkFile DCindex="0" Hostindex="10" name="279" size="64"> </ChunkFile><ChunkFile DCindex="0" Hostindex="10" name="280" size="64"> </ChunkFile><ChunkFile DCindex="0" Hostindex="10" name="281" size="64"> </ChunkFile><ChunkFile DCindex="0" Hostindex="10" name="282" size="64"> </ChunkFile><ChunkFile DCindex="0" Hostindex="10" name="283" size="64"> </ChunkFile><ChunkFile DCindex="0" Hostindex="10" name="284" size="64"> </ChunkFile><ChunkFile DCindex="0" Hostindex="10" name="285" size="64"> </ChunkFile><ChunkFile DCindex="0" Hostindex="10" name="286" size="64"> </ChunkFile><ChunkFile DCindex="0" Hostindex="10" name="287" size="64"> </ChunkFile><ChunkFile DCindex="0" Hostindex="10" name="288" size="64"> </ChunkFile><ChunkFile DCindex="0" Hostindex="10" name="289" size="64"> </ChunkFile><ChunkFile DCindex="0" Hostindex="10" name="290" size="64"> </ChunkFile><ChunkFile DCindex="0" Hostindex="10" name="291" size="64"> </ChunkFile><ChunkFile DCindex="0" Hostindex="10" name="292" size="64"> </ChunkFile><ChunkFile DCindex="0" Hostindex="10" name="293" size="64"> </ChunkFile><ChunkFile DCindex="0" Hostindex="10" name="294" size="64"> </ChunkFile><ChunkFile DCindex="0" Hostindex="10" name="295" size="64"> </ChunkFile><ChunkFile DCindex="0" Hostindex="10" name="296" size="64"> </ChunkFile><ChunkFile DCindex="0" Hostindex="10" name="297" size="64"> </ChunkFile><ChunkFile DCindex="0" Hostindex="10" name="298" size="64"> </ChunkFile><ChunkFile DCindex="0" Hostindex="10" name="299" size="64"> </ChunkFile><ChunkFile DCindex="0" Hostindex="10" name="300" size="64"> </ChunkFile></Geo>