<?xml version="1.0" encoding="UTF-8" standalone="yes"?> 
<Geo>
	<DC id="1000">
		<RootSwitchPorts>1</RootSwitchPorts>
		<AggSwitchPorts>2</AggSwitchPorts>
		<EdgeSwitchPorts>10</EdgeSwitchPorts>
		<RootSwitchDelay>0.0</RootSwitchDelay>
		<AggSwitchDelay>0.0</AggSwitchDelay>
		<EdgeSwitchDelay>0.0</EdgeSwitchDelay>
		<BWHostToEdge>100</BWHostToEdge>
		<BWEdgeToAgg>100</BWEdgeToAgg>
		<BWAggToRoot>0</BWAggToRoot>
		<BWRootToGeo>0</BWRootToGeo>
		<ChunkFileSize>64</ChunkFileSize>
		<ChunkFilesOnHost>100000</ChunkFilesOnHost>
		<BWHost>10000</BWHost>
		<CoreOnHost>16</CoreOnHost>		
		<mips>1</mips>
		<ram>32768</ram>
		<arch>x86</arch>
		<os>linux</os>
		<vmm>Intel</vmm>
		<time_zone>10.0</time_zone>
		<cost>3.0</cost>
		<costPerMem>0.05</costPerMem>
		<costPerStorage>0.001</costPerStorage>
		<costPerBw>0.0</costPerBw>
		<SanNetworkLatency>0.00417</SanNetworkLatency>
		<SanCapacity>100000000</SanCapacity>
		<SanBandwidth>1000</SanBandwidth>
				
		<MaxVMsOnHost>8</MaxVMsOnHost>
		<VM_mips>1</VM_mips>
		<VM_size>10</VM_size>
		<VM_ram>4096</VM_ram>
		<VM_bw>1000</VM_bw>
		<VM_pesNumber>2</VM_pesNumber>
		<VM_vmm>VM_vmm</VM_vmm>
		
		<cloudlet_File_size>1</cloudlet_File_size>
		<cloudlet_Output_File_Size>1</cloudlet_Output_File_Size>
		
	</DC>

</Geo>

